Id;StartingWallTime;Texec;expectedH;realH
0;2023-01-30T11:30:27.864157851;496.997967;8;8;279
1;2023-01-30T11:30:28.462496753;190.488976;8;8;279
2;2023-01-30T11:30:28.753480532;256.947304;8;8;279
3;2023-01-30T11:30:29.110861353;242.290227;8;8;279
4;2023-01-30T11:30:29.453745823;239.568915;8;8;279
5;2023-01-30T11:30:29.793579151;149.38853;8;8;279
6;2023-01-30T11:30:30.043165451;111.667192;8;8;279
7;2023-01-30T11:30:30.255220750;120.223807;8;8;279
8;2023-01-30T11:30:30.475609385;179.169569;8;8;279
9;2023-01-30T11:30:30.755288079;231.784229;8;8;279
10;2023-01-30T11:30:31.087547714;753.997015;8;8;279
11;2023-01-30T11:30:31.942064407;343.521689;8;8;279
12;2023-01-30T11:30:32.386379179;259.972419;8;8;279
13;2023-01-30T11:30:32.746889749;273.135357;8;8;279
14;2023-01-30T11:30:33.120483933;170.14667;8;8;279
15;2023-01-30T11:30:33.391113981;117.429531;8;8;279
16;2023-01-30T11:30:33.608897306;114.422034;8;8;279
17;2023-01-30T11:30:33.823694090;158.269216;8;8;279
18;2023-01-30T11:30:34.082154137;144.150543;8;8;279
19;2023-01-30T11:30:34.326709184;96.981287;8;8;279
20;2023-01-30T11:30:34.524060670;206.871394;8;8;279
21;2023-01-30T11:30:34.832188782;274.430487;8;8;279
22;2023-01-30T11:30:35.207066779;110.942378;8;8;279
23;2023-01-30T11:30:35.418309935;89.572478;8;8;279
24;2023-01-30T11:30:35.608099556;75.924884;8;8;279
25;2023-01-30T11:30:35.784291422;77.651728;8;8;279
26;2023-01-30T11:30:35.962146852;78.270595;8;8;279
27;2023-01-30T11:30:36.140704284;71.770772;8;8;279
28;2023-01-30T11:30:36.312751531;79.346954;8;8;279
29;2023-01-30T11:30:36.492382023;97.390515;8;8;279
30;2023-01-30T11:30:36.690048015;77.782034;8;8;279
31;2023-01-30T11:30:36.868105626;71.530868;8;8;279
32;2023-01-30T11:30:37.039905423;79.045692;8;8;279
33;2023-01-30T11:30:37.219214356;79.141107;8;8;279
34;2023-01-30T11:30:37.398599861;90.740766;8;8;279
35;2023-01-30T11:30:37.589545775;67.249622;8;8;279
36;2023-01-30T11:30:37.757080267;85.036271;8;8;279
37;2023-01-30T11:30:37.942409701;72.878151;8;8;279
38;2023-01-30T11:30:38.115658685;103.962346;8;8;279
39;2023-01-30T11:30:38.319996800;123.751273;8;8;279
40;2023-01-30T11:30:38.543998154;95.246414;8;8;279
41;2023-01-30T11:30:38.739453231;88.196471;8;8;279
42;2023-01-30T11:30:38.927925907;85.961256;8;8;279
43;2023-01-30T11:30:39.114182095;71.787631;8;8;279
44;2023-01-30T11:30:39.286286352;62.692607;8;8;279
45;2023-01-30T11:30:39.449228772;61.632298;8;8;279
46;2023-01-30T11:30:39.611191906;61.825138;8;8;279
47;2023-01-30T11:30:39.773389935;60.815601;8;8;279
48;2023-01-30T11:30:39.934500191;63.490956;8;8;279
49;2023-01-30T11:30:40.098258281;60.67012;8;8;279
50;2023-01-30T11:30:40.259198984;58.597305;8;8;279
51;2023-01-30T11:30:40.418320690;58.870199;8;8;279
52;2023-01-30T11:30:40.577384740;59.300657;8;8;279
53;2023-01-30T11:30:40.736834405;58.670021;8;8;279
54;2023-01-30T11:30:40.895762304;60.279634;8;8;279
55;2023-01-30T11:30:41.056285278;75.653273;8;8;279
56;2023-01-30T11:30:41.232205262;60.35796;8;8;279
57;2023-01-30T11:30:41.392837282;62.219874;8;8;279
58;2023-01-30T11:30:41.555343707;56.920512;8;8;279
59;2023-01-30T11:30:41.712502370;53.883191;8;8;279
60;2023-01-30T11:30:41.866666631;59.936299;8;8;279
61;2023-01-30T11:30:42.026872841;57.80867;8;8;279
62;2023-01-30T11:30:42.184959801;60.007889;8;8;279
63;2023-01-30T11:30:42.345195869;57.51271;8;8;279
64;2023-01-30T11:30:42.502959502;60.960609;8;8;279
65;2023-01-30T11:30:42.664183498;58.495183;8;8;279
66;2023-01-30T11:30:42.822922705;62.302519;8;8;279
67;2023-01-30T11:30:42.985478820;67.710999;8;8;279
68;2023-01-30T11:30:43.153435935;70.578293;8;8;279
69;2023-01-30T11:30:43.324253703;57.2577;8;8;279
70;2023-01-30T11:30:43.481757980;66.657289;8;8;279
71;2023-01-30T11:30:43.648662495;64.150617;8;8;279
72;2023-01-30T11:30:43.813082452;59.85297;8;8;279
73;2023-01-30T11:30:43.973343030;62.87682;8;8;279
74;2023-01-30T11:30:44.136476471;58.060204;8;8;279
75;2023-01-30T11:30:44.294832992;64.065913;8;8;279
76;2023-01-30T11:30:44.459184182;55.664927;8;8;279
77;2023-01-30T11:30:44.615129140;67.743772;8;8;279
78;2023-01-30T11:30:44.783163060;61.827963;8;8;279
79;2023-01-30T11:30:44.945220851;54.158496;8;8;279
80;2023-01-30T11:30:45.099621845;52.030647;8;8;279
81;2023-01-30T11:30:45.251806169;53.612629;8;8;279
82;2023-01-30T11:30:45.405644868;62.717089;8;8;279
83;2023-01-30T11:30:45.568585485;62.440642;8;8;279
84;2023-01-30T11:30:45.731299820;63.78406;8;8;279
85;2023-01-30T11:30:45.895327565;56.18314;8;8;279
86;2023-01-30T11:30:46.051740282;70.294921;8;8;279
87;2023-01-30T11:30:46.222264873;59.080031;8;8;279
88;2023-01-30T11:30:46.381596047;55.973026;8;8;279
89;2023-01-30T11:30:46.537787282;78.044483;8;8;279
90;2023-01-30T11:30:46.716072225;92.436935;8;8;279
91;2023-01-30T11:30:46.908744481;88.350562;8;8;279
92;2023-01-30T11:30:47.097265939;54.100721;8;8;279
93;2023-01-30T11:30:47.251600063;59.458633;8;8;279
94;2023-01-30T11:30:47.411379275;56.854368;8;8;279
95;2023-01-30T11:30:47.568454313;87.901248;8;8;279
96;2023-01-30T11:30:47.756614175;58.813941;8;8;279
97;2023-01-30T11:30:47.915619984;54.607695;8;8;279
98;2023-01-30T11:30:48.070401912;56.232154;8;8;279
99;2023-01-30T11:30:48.226864111;58.01084;8;8;279
100;2023-01-30T11:30:48.385106999;78.461303;8;8;279
101;2023-01-30T11:30:48.563794792;89.963657;8;8;279
102;2023-01-30T11:30:48.754037142;57.447297;8;8;279
103;2023-01-30T11:30:48.911681467;54.627295;8;8;279
104;2023-01-30T11:30:49.066468112;56.21143;8;8;279
105;2023-01-30T11:30:49.222814800;77.505047;8;8;279
106;2023-01-30T11:30:49.400540371;87.48655;8;8;279
107;2023-01-30T11:30:49.588265137;56.643263;8;8;279
108;2023-01-30T11:30:49.745153227;59.158971;8;8;279
109;2023-01-30T11:30:49.904548866;103.779356;8;8;279
110;2023-01-30T11:30:50.108598593;148.12204;8;8;279
111;2023-01-30T11:30:50.356951754;92.994856;8;8;279
112;2023-01-30T11:30:50.550184561;165.050904;8;8;279
113;2023-01-30T11:30:50.815477718;116.646173;8;8;279
114;2023-01-30T11:30:51.032389567;84.156792;8;8;279
115;2023-01-30T11:30:51.216765679;119.364098;8;8;279
116;2023-01-30T11:30:51.436383210;53.851604;8;8;279
117;2023-01-30T11:30:51.590510894;87.18546;8;8;279
118;2023-01-30T11:30:51.777950022;56.971738;8;8;279
119;2023-01-30T11:30:51.935184943;58.955211;8;8;279
120;2023-01-30T11:30:52.094362380;59.342994;8;8;279
121;2023-01-30T11:30:52.253950770;58.23149;8;8;279
122;2023-01-30T11:30:52.412409201;56.788358;8;8;279
123;2023-01-30T11:30:52.569430590;55.731305;8;8;279
124;2023-01-30T11:30:52.725373188;53.839592;8;8;279
125;2023-01-30T11:30:52.879440010;55.243256;8;8;279
126;2023-01-30T11:30:53.034923365;55.396989;8;8;279
127;2023-01-30T11:30:53.190575840;54.067928;8;8;279
128;2023-01-30T11:30:53.344870043;55.941757;8;8;279
129;2023-01-30T11:30:53.501036274;52.977037;8;8;279
130;2023-01-30T11:30:53.654309991;57.365358;8;8;279
131;2023-01-30T11:30:53.811854030;79.070666;8;8;279
132;2023-01-30T11:30:53.991186589;57.469939;8;8;279
133;2023-01-30T11:30:54.149075844;58.580379;8;8;279
134;2023-01-30T11:30:54.307917517;56.375538;8;8;279
135;2023-01-30T11:30:54.464460774;53.09022;8;8;279
136;2023-01-30T11:30:54.617790410;55.266267;8;8;279
137;2023-01-30T11:30:54.773332025;58.827443;8;8;279
138;2023-01-30T11:30:54.932290728;53.716462;8;8;279
139;2023-01-30T11:30:55.086242761;56.040014;8;8;279
140;2023-01-30T11:30:55.242514044;54.046912;8;8;279
141;2023-01-30T11:30:55.396705852;55.085175;8;8;279
142;2023-01-30T11:30:55.551964301;59.872738;8;8;279
143;2023-01-30T11:30:55.712083377;54.915498;8;8;279
144;2023-01-30T11:30:55.867223994;51.368129;8;8;279
145;2023-01-30T11:30:56.018808170;53.562277;8;8;279
146;2023-01-30T11:30:56.172602847;56.750474;8;8;279
147;2023-01-30T11:30:56.329490140;53.60746;8;8;279
148;2023-01-30T11:30:56.483332061;54.876885;8;8;279
149;2023-01-30T11:30:56.638432508;56.640384;8;8;279
150;2023-01-30T11:30:56.795341937;63.066654;8;8;279
151;2023-01-30T11:30:56.958646224;55.72846;8;8;279
152;2023-01-30T11:30:57.114546945;58.05218;8;8;279
153;2023-01-30T11:30:57.272993857;57.180345;8;8;279
154;2023-01-30T11:30:57.430306473;54.62362;8;8;279
155;2023-01-30T11:30:57.585091371;54.165507;8;8;279
156;2023-01-30T11:30:57.739396610;56.104686;8;8;279
157;2023-01-30T11:30:57.895704808;59.955023;8;8;279
158;2023-01-30T11:30:58.055891492;52.167505;8;8;279
159;2023-01-30T11:30:58.208284611;55.910582;8;8;279
160;2023-01-30T11:30:58.364346321;59.946449;8;8;279
161;2023-01-30T11:30:58.524477692;53.630761;8;8;279
162;2023-01-30T11:30:58.678363314;53.75403;8;8;279
163;2023-01-30T11:30:58.832318751;55.013548;8;8;279
164;2023-01-30T11:30:58.987580825;52.754832;8;8;279
165;2023-01-30T11:30:59.140583048;55.957348;8;8;279
166;2023-01-30T11:30:59.296695673;87.946024;8;8;279
167;2023-01-30T11:30:59.484788293;65.348545;8;8;279
168;2023-01-30T11:30:59.650372527;77.164534;8;8;279
169;2023-01-30T11:30:59.827796969;54.529908;8;8;279
170;2023-01-30T11:30:59.982553028;52.47802;8;8;279
171;2023-01-30T11:31:00.135257924;72.742473;8;8;279
172;2023-01-30T11:31:00.308247537;76.658792;8;8;279
173;2023-01-30T11:31:00.485148701;71.866034;8;8;279
174;2023-01-30T11:31:00.657256046;53.369062;8;8;279
175;2023-01-30T11:31:00.810846417;52.689669;8;8;279
176;2023-01-30T11:31:00.963767981;84.191777;8;8;279
177;2023-01-30T11:31:01.148335542;81.04361;8;8;279
178;2023-01-30T11:31:01.329541836;89.224803;8;8;279
179;2023-01-30T11:31:01.519004999;59.131971;8;8;279
180;2023-01-30T11:31:01.678376170;67.929407;8;8;279
181;2023-01-30T11:31:01.846556822;75.832531;8;8;279
182;2023-01-30T11:31:02.022544045;123.717866;8;8;279
183;2023-01-30T11:31:02.246505368;122.681791;8;8;279
184;2023-01-30T11:31:02.469661326;146.048329;8;8;279
185;2023-01-30T11:31:02.715914834;91.099533;8;8;279
186;2023-01-30T11:31:02.907260853;67.811018;8;8;279
187;2023-01-30T11:31:03.075309252;73.577417;8;8;279
188;2023-01-30T11:31:03.249135303;66.946187;8;8;279
189;2023-01-30T11:31:03.416337911;68.886788;8;8;279
190;2023-01-30T11:31:03.585455835;52.358256;8;8;279
191;2023-01-30T11:31:03.738089378;54.238303;8;8;279
192;2023-01-30T11:31:03.892493043;53.290928;8;8;279
193;2023-01-30T11:31:04.046022995;51.637365;8;8;279
194;2023-01-30T11:31:04.197912818;59.769035;8;8;279
195;2023-01-30T11:31:04.357825704;55.052383;8;8;279
196;2023-01-30T11:31:04.513112769;52.982879;8;8;279
197;2023-01-30T11:31:04.666275771;53.804343;8;8;279
198;2023-01-30T11:31:04.820214680;56.100162;8;8;279
199;2023-01-30T11:31:04.976468956;60.964072;8;8;279
200;2023-01-30T11:31:05.137673170;58.393268;8;8;279
201;2023-01-30T11:31:05.296244083;57.966897;8;8;279
202;2023-01-30T11:31:05.454406641;53.327578;8;8;279
203;2023-01-30T11:31:05.607909274;52.374814;8;8;279
204;2023-01-30T11:31:05.760521718;49.593888;8;8;279
205;2023-01-30T11:31:05.910425697;75.220673;8;8;279
206;2023-01-30T11:31:06.085896172;53.295189;8;8;279
207;2023-01-30T11:31:06.239432248;57.067741;8;8;279
208;2023-01-30T11:31:06.396825593;52.489257;8;8;279
209;2023-01-30T11:31:06.549645669;53.234459;8;8;279
210;2023-01-30T11:31:06.703114698;52.869234;8;8;279
211;2023-01-30T11:31:06.856164967;53.484666;8;8;279
212;2023-01-30T11:31:07.009785044;51.268062;8;8;279
213;2023-01-30T11:31:07.161355613;51.724262;8;8;279
214;2023-01-30T11:31:07.313354928;53.302774;8;8;279
215;2023-01-30T11:31:07.466810270;52.753185;8;8;279
216;2023-01-30T11:31:07.619749826;53.29941;8;8;279
217;2023-01-30T11:31:07.773206495;53.209461;8;8;279
218;2023-01-30T11:31:07.926710512;54.25175;8;8;279
219;2023-01-30T11:31:08.081163302;53.969783;8;8;279
220;2023-01-30T11:31:08.235318007;54.072783;8;8;279
221;2023-01-30T11:31:08.389660770;55.409172;8;8;279
222;2023-01-30T11:31:08.545313869;55.010217;8;8;279
223;2023-01-30T11:31:08.700477266;55.911283;8;8;279
224;2023-01-30T11:31:08.856631217;56.11828;8;8;279
225;2023-01-30T11:31:09.013119629;51.305687;8;8;279
226;2023-01-30T11:31:09.164664699;53.660571;8;8;279
227;2023-01-30T11:31:09.318610448;54.187918;8;8;279
228;2023-01-30T11:31:09.473011519;54.978102;8;8;279
229;2023-01-30T11:31:09.628231798;66.437734;8;8;279
230;2023-01-30T11:31:09.794819873;55.974547;8;8;279
231;2023-01-30T11:31:09.951038952;54.361065;8;8;279
232;2023-01-30T11:31:10.105601063;52.800895;8;8;279
233;2023-01-30T11:31:10.258696169;54.239539;8;8;279
234;2023-01-30T11:31:10.413075623;55.389865;8;8;279
235;2023-01-30T11:31:10.568688841;52.86591;8;8;279
236;2023-01-30T11:31:10.722107316;54.734765;8;8;279
237;2023-01-30T11:31:10.877040433;51.369065;8;8;279
238;2023-01-30T11:31:11.028702638;51.847667;8;8;279
239;2023-01-30T11:31:11.180704582;51.658722;8;8;279
240;2023-01-30T11:31:11.332646797;51.893456;8;8;279
241;2023-01-30T11:31:11.484806772;56.551098;8;8;279
242;2023-01-30T11:31:11.641577804;59.236035;8;8;279
243;2023-01-30T11:31:11.801028084;54.611951;8;8;279
244;2023-01-30T11:31:11.955852342;71.345711;8;8;279
245;2023-01-30T11:31:12.127431738;54.033374;8;8;279
246;2023-01-30T11:31:12.281650576;56.046824;8;8;279
247;2023-01-30T11:31:12.437848620;54.130494;8;8;279
248;2023-01-30T11:31:12.592188074;56.447095;8;8;279
249;2023-01-30T11:31:12.748840566;56.67032;8;8;279
250;2023-01-30T11:31:12.905693208;57.493838;8;8;279
251;2023-01-30T11:31:13.063372921;54.111037;8;8;279
252;2023-01-30T11:31:13.217721627;64.634246;8;8;279
253;2023-01-30T11:31:13.382539802;60.919422;8;8;279
254;2023-01-30T11:31:13.543599994;54.222291;8;8;279
255;2023-01-30T11:31:13.698315018;67.351555;8;8;279
256;2023-01-30T11:31:13.866125814;62.671855;8;8;279
257;2023-01-30T11:31:14.029015090;52.249762;8;8;279
258;2023-01-30T11:31:14.181486073;50.853594;8;8;279
259;2023-01-30T11:31:14.332554117;53.352679;8;8;279
260;2023-01-30T11:31:14.486122556;57.298294;8;8;279
261;2023-01-30T11:31:14.643588139;54.097495;8;8;279
262;2023-01-30T11:31:14.798046699;54.685942;8;8;279
263;2023-01-30T11:31:14.953240232;53.761321;8;8;279
264;2023-01-30T11:31:15.107243232;53.930206;8;8;279
265;2023-01-30T11:31:15.261345871;54.43343;8;8;279
266;2023-01-30T11:31:15.416015170;54.609936;8;8;279
267;2023-01-30T11:31:15.570860356;55.297342;8;8;279
268;2023-01-30T11:31:15.726328558;55.099643;8;8;279
269;2023-01-30T11:31:15.881685244;83.192653;8;8;279
270;2023-01-30T11:31:16.065103210;55.328305;8;8;279
271;2023-01-30T11:31:16.220681275;54.270838;8;8;279
272;2023-01-30T11:31:16.375166951;52.740646;8;8;279
273;2023-01-30T11:31:16.528092528;50.862918;8;8;279
274;2023-01-30T11:31:16.679184912;81.071933;8;8;279
275;2023-01-30T11:31:16.860465850;56.461174;8;8;279
276;2023-01-30T11:31:17.017132853;53.966274;8;8;279
277;2023-01-30T11:31:17.171323945;53.095751;8;8;279
278;2023-01-30T11:31:17.324655317;53.998257;8;8;279
279;2023-01-30T11:31:17.478820219;50.828998;8;8;279
280;2023-01-30T11:31:17.629889659;50.244836;8;8;279
281;2023-01-30T11:31:17.780357978;52.608139;8;8;279
282;2023-01-30T11:31:17.933201414;55.449332;8;8;279
283;2023-01-30T11:31:18.088847585;53.222024;8;8;279
284;2023-01-30T11:31:18.242346730;56.694699;8;8;279
285;2023-01-30T11:31:18.399203809;59.389775;8;8;279
286;2023-01-30T11:31:18.558830441;53.63894;8;8;279
287;2023-01-30T11:31:18.712920430;53.661188;8;8;279
288;2023-01-30T11:31:18.866884782;55.539748;8;8;279
289;2023-01-30T11:31:19.022626652;53.824028;8;8;279
290;2023-01-30T11:31:19.176652192;57.35967;8;8;279
291;2023-01-30T11:31:19.334219330;52.279214;8;8;279
292;2023-01-30T11:31:19.486693771;59.261166;8;8;279
293;2023-01-30T11:31:19.646145894;58.192942;8;8;279
294;2023-01-30T11:31:19.804534751;51.709653;8;8;279
295;2023-01-30T11:31:19.956456208;56.911274;8;8;279
296;2023-01-30T11:31:20.113483727;83.436704;8;8;279
297;2023-01-30T11:31:20.297149798;54.329369;8;8;279
298;2023-01-30T11:31:20.451678685;85.509573;8;8;279
299;2023-01-30T11:31:20.637419230;131.008601;8;8;279
